CURSO_ACADEMICO;ESTUDIO;LOCALIDAD;CENTRO;TIPO_CENTRO;TIPO_ESTUDIO;PLAZAS_OFERTADAS;PLAZAS_MATRICULADAS;PLAZAS_SOLICITADAS;INDICE_OCUPACION;FECHA_ACTUALIZACION
2020;Grado: Ciencias Ambientales;Huesca;Escuela Politécnica Superior;Facultad;Grado;54;41;284;75.93;07/11/2021
2020;Grado: Enfermería;Zaragoza;Facultad de Ciencias de la Salud;Facultad;Grado;160;156;2949;97.50;07/11/2021
2020;Grado: Enfermería;Huesca;Escuela Universitaria de Enfermería San Jorge de Huesca;Centro adscrito;Grado;54;54;2333;100.00;07/11/2021
2020;Grado: Enfermería;Teruel;Escuela Universitaria de Enfermería de Teruel;Centro adscrito;Grado;33;33;2015;100.00;07/11/2021
2020;Grado: Bellas Artes;Teruel;Facultad de Ciencias Sociales y Humanas de Teruel;Facultad;Grado;55;49;218;89.09;07/11/2021
2020;Grado: Filosofía;Zaragoza;Facultad de Filosofía y Letras;Facultad;Grado;60;60;418;100.00;07/11/2021
2020;Grado: Periodismo;Zaragoza;Facultad de Filosofía y Letras;Facultad;Grado;60;59;653;98.33;07/11/2021
2020;Grado: Información y Documentación;Zaragoza;Facultad de Filosofía y Letras;Facultad;Grado;36;11;127;30.56;07/11/2021
2020;Grado: Fisioterapia;Zaragoza;Facultad de Ciencias de la Salud;Facultad;Grado;60;56;1500;93.33;07/11/2021
2020;Grado: Terapia Ocupacional;Zaragoza;Facultad de Ciencias de la Salud;Facultad;Grado;80;78;700;97.50;07/11/2021
2020;Grado: Trabajo Social;Zaragoza;Facultad de Ciencias Sociales y del Trabajo;Facultad;Grado;180;174;1897;96.67;07/11/2021
2020;Grado: Ingeniero en Diseño Industrial y Desarrollo de Producto;Zaragoza;Escuela de Ingeniería y Arquitectura;Facultad;Grado;75;74;574;98.67;07/11/2021
2020;Grado: Ciencia y Tecnología de los Alimentos;Zaragoza;Facultad de Veterinaria;Facultad;Grado;60;60;596;100.00;07/11/2021
2020;Grado: Ciencias de la Actividad Física y del Deporte;Huesca;Facultad de Ciencias de la Salud y del Deporte;Facultad;Grado;62;62;831;100.00;07/11/2021
2020;Grado: Geología;Zaragoza;Facultad de Ciencias;Facultad;Grado;50;38;154;76.00;07/11/2021
2020;Grado: Óptica y Optometría;Zaragoza;Facultad de Ciencias;Facultad;Grado;60;57;728;95.00;07/11/2021
2020;Grado: Magisterio en Educación Primaria;Zaragoza;Facultad de Educación;Facultad;Grado;240;239;1654;99.58;07/11/2021
2020;Grado: Magisterio en Educación Primaria;Huesca;Facultad de Ciencias Humanas y de la Educación;Facultad;Grado;120;120;849;100.00;07/11/2021
2020;Grado: Magisterio en Educación Primaria;Teruel;Facultad de Ciencias Sociales y Humanas de Teruel;Facultad;Grado;120;112;681;93.33;07/11/2021
2020;Grado: Magisterio en Educación Infantil;Zaragoza;Facultad de Educación;Facultad;Grado;120;120;1246;100.00;07/11/2021
2020;Grado: Magisterio en Educación Infantil;Huesca;Facultad de Ciencias Humanas y de la Educación;Facultad;Grado;120;122;698;101.67;07/11/2021
2020;Grado: Magisterio en Educación Infantil;Teruel;Facultad de Ciencias Sociales y Humanas de Teruel;Facultad;Grado;120;114;621;95.00;07/11/2021
2020;Grado: Medicina;Zaragoza;Facultad de Medicina;Facultad;Grado;180;178;4719;98.89;07/11/2021
2020;Grado: Medicina;Huesca;Facultad de Ciencias de la Salud y del Deporte;Facultad;Grado;45;45;4180;100.00;07/11/2021
2020;Grado: Estudios Clásicos;Zaragoza;Facultad de Filosofía y Letras;Facultad;Grado;30;19;160;63.33;07/11/2021
2020;Grado: Estudios Ingleses;Zaragoza;Facultad de Filosofía y Letras;Facultad;Grado;100;99;507;99.00;07/11/2021
2020;Grado: Filología Hispánica;Zaragoza;Facultad de Filosofía y Letras;Facultad;Grado;70;61;326;87.14;07/11/2021
2020;Grado: Historia;Zaragoza;Facultad de Filosofía y Letras;Facultad;Grado;165;128;579;77.58;07/11/2021
2020;Grado: Historia del Arte;Zaragoza;Facultad de Filosofía y Letras;Facultad;Grado;120;71;362;59.17;07/11/2021
2020;Grado: Física;Zaragoza;Facultad de Ciencias;Facultad;Grado;85;83;690;97.65;07/11/2021
2020;Grado: Biotecnología;Zaragoza;Facultad de Ciencias;Facultad;Grado;66;66;1112;100.00;07/11/2021
2020;Grado: Matemáticas;Zaragoza;Facultad de Ciencias;Facultad;Grado;67;69;835;102.99;07/11/2021
2020;Grado: Química;Zaragoza;Facultad de Ciencias;Facultad;Grado;150;139;878;92.67;07/11/2021
2020;Grado: Nutrición Humana y Dietética;Huesca;Facultad de Ciencias de la Salud y del Deporte;Facultad;Grado;56;56;904;100.00;07/11/2021
2020;Grado: Odontología;Huesca;Facultad de Ciencias de la Salud y del Deporte;Facultad;Grado;36;35;1221;97.22;07/11/2021
2020;Grado: Veterinaria;Zaragoza;Facultad de Veterinaria;Facultad;Grado;146;146;1613;100.00;07/11/2021
2020;Grado: Administración y Dirección de Empresas;Zaragoza;Facultad de Economía y Empresa;Facultad;Grado;400;385;1556;96.25;07/11/2021
2020;Grado: Administración y Dirección de Empresas;Huesca;Facultad de Empresa y Gestión Pública;Facultad;Grado;65;51;456;78.46;07/11/2021
2020;Grado: Administración y Dirección de Empresas;Teruel;Facultad de Ciencias Sociales y Humanas de Teruel;Facultad;Grado;45;32;324;71.11;07/11/2021
2020;Grado: Derecho;Zaragoza;Facultad de Derecho;Facultad;Grado;308;306;1251;99.35;07/11/2021
2020;Grado: Economía;Zaragoza;Facultad de Economía y Empresa;Facultad;Grado;200;178;2410;89.00;07/11/2021
2020;Grado: Finanzas y Contabilidad;Zaragoza;Facultad de Economía y Empresa;Facultad;Grado;150;132;849;88.00;07/11/2021
2020;Grado: Geografía y Ordenación del Territorio;Zaragoza;Facultad de Filosofía y Letras;Facultad;Grado;50;30;181;60.00;07/11/2021
2020;Grado: Gestión y Administración Pública;Huesca;Facultad de Empresa y Gestión Pública;Facultad;Grado;40;38;197;95.00;07/11/2021
2020;Grado: Marketing e Investigación de Mercados;Zaragoza;Facultad de Economía y Empresa;Facultad;Grado;150;148;1368;98.67;07/11/2021
2020;Grado: Relaciones Laborales y Recursos Humanos;Zaragoza;Facultad de Ciencias Sociales y del Trabajo;Facultad;Grado;180;174;970;96.67;07/11/2021
2020;Grado: Turismo;Zaragoza;Escuela Universitaria de Turismo de Zaragoza;Centro adscrito;Grado;80;39;591;48.75;07/11/2021
2020;Grado: Ingeniería Agroalimentaria y del Medio Rural;Huesca;Escuela Politécnica Superior;Facultad;Grado;45;45;203;100.00;07/11/2021
2020;Grado: Ingeniería Civil;Almunia de Doña Godina (La);Escuela Universitaria Politécnica de la Almunia de Doña Godina;Centro adscrito;Grado;54;16;141;29.63;07/11/2021
2020;Grado: Arquitectura Técnica;Almunia de Doña Godina (La);Escuela Universitaria Politécnica de la Almunia de Doña Godina;Centro adscrito;Grado;54;15;156;27.78;07/11/2021
2020;Grado: Ingeniería de Organización Industrial;Almunia de Doña Godina (La);Escuela Universitaria Politécnica de la Almunia de Doña Godina;Centro adscrito;Grado;56;42;169;75.00;07/11/2021
2020;Grado: Ingeniería de Organización Industrial;Zaragoza;Centro Universitario de la Defensa de Zaragoza;Centro adscrito;Grado;303;300;0;99.01;07/11/2021
2020;Grado: Ingeniería de Tecnologías Industriales;Zaragoza;Escuela de Ingeniería y Arquitectura;Facultad;Grado;180;169;723;93.89;07/11/2021
2020;Grado: Ingeniería de Tecnologías y Servicios de Telecomunicación;Zaragoza;Escuela de Ingeniería y Arquitectura;Facultad;Grado;90;86;531;95.56;07/11/2021
2020;Grado: Ingeniería Electrica;Zaragoza;Escuela de Ingeniería y Arquitectura;Facultad;Grado;90;60;403;66.67;07/11/2021
2020;Grado: Ingeniería Electrónica y Automática;Zaragoza;Escuela de Ingeniería y Arquitectura;Facultad;Grado;120;94;575;78.33;07/11/2021
2020;Grado: Ingeniería Electrónica y Automática;Teruel;Escuela Universitaria Politécnica de Teruel;Escuela Universitaria;Grado;29;24;152;82.76;07/11/2021
2020;Grado: Ingeniería Informática;Zaragoza;Escuela de Ingeniería y Arquitectura;Facultad;Grado;102;110;827;107.84;07/11/2021
2020;Grado: Ingeniería Informática;Teruel;Escuela Universitaria Politécnica de Teruel;Escuela Universitaria;Grado;33;32;343;96.97;07/11/2021
2020;Grado: Ingeniería Mecánica;Zaragoza;Escuela de Ingeniería y Arquitectura;Facultad;Grado;225;178;751;79.11;07/11/2021
2020;Grado: Ingeniería Mecatrónica;Almunia de Doña Godina (La);Escuela Universitaria Politécnica de la Almunia de Doña Godina;Centro adscrito;Grado;56;47;227;83.93;07/11/2021
2020;Grado: Ingeniería Química;Zaragoza;Escuela de Ingeniería y Arquitectura;Facultad;Grado;90;68;543;75.56;07/11/2021
2020;Grado: Lenguas Modernas;Zaragoza;Facultad de Filosofía y Letras;Facultad;Grado;55;55;388;100.00;07/11/2021
2020;Grado: Programa conjunto en Derecho-Administración y Dirección de Empresas;Zaragoza;Facultad de Derecho;Facultad;Grado;80;80;492;100.00;07/11/2021
2020;Grado: Estudios en Arquitectura;Zaragoza;Escuela de Ingeniería y Arquitectura;Facultad;Grado;70;69;444;98.57;07/11/2021
2020;Grado: Programa conjunto Física-Matemáticas (FisMat);Zaragoza;Facultad de Ciencias;Facultad;Grado;10;10;264;100.00;07/11/2021
2020;Grado: Programa conjunto en Nutrición Humana y Dietética-Ciencias de la Actividad Física y del Deporte;Huesca;Facultad de Ciencias de la Salud y del Deporte;Facultad;Grado;10;10;408;100.00;07/11/2021
2020;Grado: Programa conjunto en Matemáticas-Ingeniería Informática;Zaragoza;Escuela de Ingeniería y Arquitectura;Facultad;Grado;10;10;231;100.00;07/11/2021
2020;Grado: Programa conjunto en Ingeniería Mecatrónica-Ingeniería de Organización  Industrial;Almunia de Doña Godina (La);Escuela Universitaria Politécnica de la Almunia de Doña Godina;Centro adscrito;Grado;10;10;69;100.00;07/11/2021
2020;Grado: Psicología;Teruel;Facultad de Ciencias Sociales y Humanas de Teruel;Facultad;Grado;85;82;1020;96.47;07/11/2021
2020;Máster: Biología Molecular y Celular;Zaragoza;Facultad de Ciencias;Facultad;Máster;30;19;80;63.33;07/11/2021
2020;Máster: Física y Tecnologías Físicas;Zaragoza;Facultad de Ciencias;Facultad;Máster;30;14;34;46.67;07/11/2021
2020;Máster: Gestión del Patrimonio Cultural;Zaragoza;Facultad de Filosofía y Letras;Facultad;Máster;35;29;114;82.86;07/11/2021
2020;Máster: Tec.Información Geográfica para Ordenación Territorio: Sig/Teled;Zaragoza;Facultad de Filosofía y Letras;Facultad;Máster;25;24;76;96.00;07/11/2021
2020;Máster: Gerontología Social;Zaragoza;Facultad de Ciencias de la Salud;Facultad;Máster;36;34;94;94.44;07/11/2021
2020;Máster: Relaciones de Género;Zaragoza;Facultad de Ciencias Sociales y del Trabajo;Facultad;Máster;30;29;84;96.67;07/11/2021
2020;Máster: Contabilidad y finanzas;Zaragoza;Facultad de Economía y Empresa;Facultad;Máster;27;7;73;25.93;07/11/2021
2020;Máster: Economía;Zaragoza;Facultad de Economía y Empresa;Facultad;Máster;30;19;67;63.33;07/11/2021
2020;Máster: Iniciación a la investigación en Medicina;Zaragoza;Facultad de Medicina;Facultad;Máster;60;60;109;100.00;07/11/2021
2020;Máster: Ingeniería biomédica;Zaragoza;Escuela de Ingeniería y Arquitectura;Facultad;Máster;30;22;96;73.33;07/11/2021
2020;Máster: Dirección y planificación del turismo;Huesca;Facultad de Empresa y Gestión Pública;Facultad;Máster;30;22;93;73.33;07/11/2021
2020;Máster: Materiales nanoestructurados para aplicaciones nanotecnológicas;Zaragoza;Facultad de Ciencias;Facultad;Máster;25;16;49;64.00;07/11/2021
2020;Máster: Sociología de las Políticas Públicas y Sociales;Zaragoza;Facultad de Economía y Empresa;Facultad;Máster;25;16;46;64.00;07/11/2021
2020;Máster: Aprendizaje a lo largo de la vida: Iniciación a la investigación;Zaragoza;Facultad de Educación;Facultad;Máster;40;19;57;47.50;07/11/2021
2020;Máster: Investigación y Estudios Avanzados en Historia;Zaragoza;Facultad de Filosofía y Letras;Facultad;Máster;40;14;31;35.00;07/11/2021
2020;Máster: Estudios Avanzados en Historia del Arte;Zaragoza;Facultad de Filosofía y Letras;Facultad;Máster;35;8;40;22.86;07/11/2021
2020;Máster: Energías Renovables y Eficiencia Energética;Zaragoza;Escuela de Ingeniería y Arquitectura;Facultad;Máster;36;33;124;91.67;07/11/2021
2020;Máster: Historia Contemporánea;Zaragoza;Facultad de Filosofía y Letras;Facultad;Máster;40;22;64;55.00;07/11/2021
2020;Máster: Ordenación Territorial y Medioambiental;Zaragoza;Facultad de Filosofía y Letras;Facultad;Máster;25;15;48;60.00;07/11/2021
2020;Máster: Ingeniería Electrónica;Zaragoza;Escuela de Ingeniería y Arquitectura;Facultad;Máster;19;13;40;68.42;07/11/2021
2020;Máster: Profesorado E.S.O., F.P. y Ens. Idiom, Art y Deport;Zaragoza;Facultad de Educación;Facultad;Máster;504;512;1446;101.59;07/11/2021
2020;Máster: Profesorado E.S.O., F.P. y Ens. Idiom, Art y Deport;Huesca;Facultad de Ciencias Humanas y de la Educación;Facultad;Máster;33;33;90;100.00;07/11/2021
2020;Máster: Profesorado E.S.O., F.P. y Ens. Idiom, Art y Deport;Teruel;Facultad de Ciencias Sociales y Humanas de Teruel;Facultad;Máster;27;26;102;96.30;07/11/2021
2020;Máster: Prevención de riesgos laborales;Zaragoza;Facultad de Derecho;Facultad;Máster;30;25;111;83.33;07/11/2021
2020;Máster: Arquitectura;Zaragoza;Escuela de Ingeniería y Arquitectura;Facultad;Máster;80;49;67;61.25;07/11/2021
2020;Máster: Modelización e Investigación Matemática, Estadística y Computación;Zaragoza;Facultad de Ciencias;Facultad;Máster;17;16;34;94.12;07/11/2021
2020;Máster: Abogacía;Zaragoza;Facultad de Derecho;Facultad;Máster;100;95;178;95.00;07/11/2021
2020;Máster: Estudios Avanzados sobre el Lenguaje, la Comunicación y sus Patologías;Huesca;Facultad de Ciencias Humanas y de la Educación;Facultad;Máster;20;19;73;95.00;07/11/2021
2020;Máster: Ingeniería Química;Zaragoza;Escuela de Ingeniería y Arquitectura;Facultad;Máster;40;19;36;47.50;07/11/2021
2020;Máster: Ingeniería Industrial;Zaragoza;Escuela de Ingeniería y Arquitectura;Facultad;Máster;219;71;124;32.42;07/11/2021
2020;Máster: Ingeniería de Telecomunicación;Zaragoza;Escuela de Ingeniería y Arquitectura;Facultad;Máster;30;7;14;23.33;07/11/2021
2020;Máster: Ingeniería Informática;Zaragoza;Escuela de Ingeniería y Arquitectura;Facultad;Máster;60;7;21;11.67;07/11/2021
2020;Máster: Ingeniería Mecánica;Zaragoza;Escuela de Ingeniería y Arquitectura;Facultad;Máster;24;16;42;66.67;07/11/2021
2020;Máster: Química Industrial;Zaragoza;Facultad de Ciencias;Facultad;Máster;50;22;43;44.00;07/11/2021
2020;Máster: Geología: Técnicas y Aplicaciones;Zaragoza;Facultad de Ciencias;Facultad;Máster;20;10;18;50.00;07/11/2021
2020;Máster: Química Molecular y Catálisis Homogénea;Zaragoza;Facultad de Ciencias;Facultad;Máster;25;23;44;92.00;07/11/2021
2020;Máster: Auditoría;Zaragoza;Facultad de Economía y Empresa;Facultad;Máster;32;31;101;96.88;07/11/2021
2020;Máster: Ingeniería Agronómica;Huesca;Escuela Politécnica Superior;Facultad;Máster;40;22;30;55.00;07/11/2021
2020;Máster: Evaluación y Entrenamiento Físico para la Salud;Huesca;Facultad de Ciencias de la Salud y del Deporte;Facultad;Máster;20;14;58;70.00;07/11/2021
2020;Máster: Mundo Antiguo y Patrimonio Arqueológico;Zaragoza;Facultad de Filosofía y Letras;Facultad;Máster;30;11;28;36.67;07/11/2021
2020;Máster: Iniciación a la Investigación en Ciencias de la Enfermería;Zaragoza;Facultad de Ciencias de la Salud;Facultad;Máster;30;10;26;33.33;07/11/2021
2020;Máster: Dirección, Estrategia y Marketing;Zaragoza;Facultad de Economía y Empresa;Facultad;Máster;20;16;132;80.00;07/11/2021
2020;Máster: Psicología General Sanitaria;Teruel;Facultad de Ciencias Sociales y Humanas de Teruel;Facultad;Máster;30;29;423;96.67;07/11/2021
2020;Máster: Ingeniería de Diseño de Producto;Zaragoza;Escuela de Ingeniería y Arquitectura;Facultad;Máster;30;12;37;40.00;07/11/2021
2020;Máster: Consultoría de Información y Comunicación Digital;Zaragoza;Facultad de Filosofía y Letras;Facultad;Máster;25;15;56;60.00;07/11/2021
2020;Máster: Calidad, Seguridad y Tecnología de los Alimentos;Zaragoza;Facultad de Veterinaria;Facultad;Máster;30;25;131;83.33;07/11/2021
2020;Máster: Biotecnología Cuantitativa;Zaragoza;Facultad de Ciencias;Facultad;Máster;20;12;47;60.00;07/11/2021
2020;Máster: Gestión Administrativa;Zaragoza;Facultad de Derecho;Facultad;Máster;30;21;68;70.00;07/11/2021
2020;Máster: Investigación en Filosofía;Zaragoza;Facultad de Filosofía y Letras;Facultad;Máster;12;7;24;58.33;07/11/2021
2020;Doctorado: PD Ciencias de la antigüedad [RD 99/2011];Zaragoza;Escuela de Doctorado;Facultad;Doctorado;30;4;9;13.33;07/11/2021
2020;Doctorado: PD Estudios ingleses [RD 99/2011];Zaragoza;Escuela de Doctorado;Facultad;Doctorado;12;4;7;33.33;07/11/2021
2020;Doctorado: PD Literaturas hispánicas [RD 99/2011];Zaragoza;Escuela de Doctorado;Facultad;Doctorado;20;2;6;10.00;07/11/2021
2020;Doctorado: PD Filosofía [RD 99/2011];Zaragoza;Escuela de Doctorado;Facultad;Doctorado;8;7;17;87.50;07/11/2021
2020;Doctorado: PD Historia contemporánea [RD 99/2011];Zaragoza;Escuela de Doctorado;Facultad;Doctorado;15;2;6;13.33;07/11/2021
2020;Máster: Dirección y Gestión de Adquisiciones de Sistemas para la Defensa;Zaragoza;Centro Universitario de la Defensa de Zaragoza;Centro adscrito;Máster;25;25;33;100.00;07/11/2021
2020;Doctorado: PD Historia del arte [RD 99/2011];Zaragoza;Escuela de Doctorado;Facultad;Doctorado;20;9;14;45.00;07/11/2021
2020;Doctorado: PD Historia, sociedad y cultura: épocas medieval y moderna [RD 99/2011];Zaragoza;Escuela de Doctorado;Facultad;Doctorado;8;3;9;37.50;07/11/2021
2020;Doctorado: PD Lingüística hispánica [RD 99/2011];Zaragoza;Escuela de Doctorado;Facultad;Doctorado;25;7;10;28.00;07/11/2021
2020;Doctorado: PD Bioquímica y biología molecular [RD 99/2011];Zaragoza;Escuela de Doctorado;Facultad;Doctorado;30;19;24;63.33;07/11/2021
2020;Doctorado: PD Calidad, seguridad y tecnología de los alimentos [RD 99/2011];Zaragoza;Escuela de Doctorado;Facultad;Doctorado;15;4;7;26.67;07/11/2021
2020;Doctorado: PD Ciencia analítica en química [RD 99/2011];Zaragoza;Escuela de Doctorado;Facultad;Doctorado;15;5;10;33.33;07/11/2021
2020;Doctorado: PD Física [RD 99/2011];Zaragoza;Escuela de Doctorado;Facultad;Doctorado;50;19;21;38.00;07/11/2021
2020;Doctorado: PD Geología [RD 99/2011];Zaragoza;Escuela de Doctorado;Facultad;Doctorado;11;6;8;54.55;07/11/2021
2020;Doctorado: PD Matemáticas y estadística [RD 99/2011];Zaragoza;Escuela de Doctorado;Facultad;Doctorado;5;4;6;80.00;07/11/2021
2020;Doctorado: PD Producción animal [RD 99/2011];Zaragoza;Escuela de Doctorado;Facultad;Doctorado;6;6;6;100.00;07/11/2021
2020;Máster: Derecho de la Administración Pública;Zaragoza;Facultad de Derecho;Facultad;Máster;20;20;60;100.00;07/11/2021
2020;Doctorado: PD Química física [RD 99/2011];Zaragoza;Escuela de Doctorado;Facultad;Doctorado;10;3;4;30.00;07/11/2021
2020;Doctorado: PD Química inorgánica [RD 99/2011];Zaragoza;Escuela de Doctorado;Facultad;Doctorado;18;5;6;27.78;07/11/2021
2020;Doctorado: PD Química orgánica [RD 99/2011];Zaragoza;Escuela de Doctorado;Facultad;Doctorado;12;8;10;66.67;07/11/2021
2020;Doctorado: PD Ciencias biomédicas y biotecnológicas [RD 99/2011];Zaragoza;Escuela de Doctorado;Facultad;Doctorado;20;9;17;45.00;07/11/2021
2020;Doctorado: PD Ciencias de la salud y del deporte [RD 99/2011];Zaragoza;Escuela de Doctorado;Facultad;Doctorado;30;30;32;100.00;07/11/2021
2020;Doctorado: PD Medicina [RD 99/2011];Zaragoza;Escuela de Doctorado;Facultad;Doctorado;75;65;68;86.67;07/11/2021
2020;Doctorado: PD Medicina y sanidad animal [RD 99/2011];Zaragoza;Escuela de Doctorado;Facultad;Doctorado;15;7;10;46.67;07/11/2021
2020;Doctorado: PD Contabilidad y finanzas [RD 99/2011];Zaragoza;Escuela de Doctorado;Facultad;Doctorado;20;5;17;25.00;07/11/2021
2020;Doctorado: PD Derecho [RD 99/2011];Zaragoza;Escuela de Doctorado;Facultad;Doctorado;30;30;42;100.00;07/11/2021
2020;Doctorado: PD Derechos humanos y libertades fundamentales [RD 99/2011];Zaragoza;Escuela de Doctorado;Facultad;Doctorado;10;10;20;100.00;07/11/2021
2020;Máster: Programa conjunto en Máster Universitario en Ingeniería Industrial-Máster Universitario en Ingeniería Mecánica;Zaragoza;Escuela de Ingeniería y Arquitectura;Facultad;Máster;6;2;12;33.33;07/11/2021
2020;Doctorado: PD Economía [RD 99/2011];Zaragoza;Escuela de Doctorado;Facultad;Doctorado;15;6;19;40.00;07/11/2021
2020;Doctorado: PD Economía y gestión de las organizaciones [RD 99/2011];Zaragoza;Escuela de Doctorado;Facultad;Doctorado;20;19;32;95.00;07/11/2021
2020;Doctorado: PD Educación [RD 99/2011];Zaragoza;Escuela de Doctorado;Facultad;Doctorado;25;22;41;88.00;07/11/2021
2020;Doctorado: PD Ordenación del territorio y medio ambiente [RD 99/2011];Zaragoza;Escuela de Doctorado;Facultad;Doctorado;25;7;14;28.00;07/11/2021
2020;Doctorado: PD Relaciones de género y estudios feministas [RD 99/2011];Zaragoza;Escuela de Doctorado;Facultad;Doctorado;30;2;5;6.67;07/11/2021
2020;Doctorado: PD Sociología de las políticas públicas y sociales [RD 99/2011];Zaragoza;Escuela de Doctorado;Facultad;Doctorado;20;18;29;90.00;07/11/2021
2020;Doctorado: PD Ciencias agrarias y del medio natural [RD 99/2011];Zaragoza;Escuela de Doctorado;Facultad;Doctorado;30;9;18;30.00;07/11/2021
2020;Doctorado: PD Energías renovables y eficiencia energética [RD 99/2011];Zaragoza;Escuela de Doctorado;Facultad;Doctorado;15;10;14;66.67;07/11/2021
2020;Doctorado: PD Ingeniería biomédica [RD 99/2011];Zaragoza;Escuela de Doctorado;Facultad;Doctorado;10;16;18;160.00;07/11/2021
2020;Doctorado: PD Ingeniería de diseño y fabricación [RD 99/2011];Zaragoza;Escuela de Doctorado;Facultad;Doctorado;20;6;7;30.00;07/11/2021
2020;Máster: Programa conjunto en Máster Universitario en Ingeniería Industrial-Máster Universitario en Energías Renovables y Eficiencia Energética;Zaragoza;Escuela de Ingeniería y Arquitectura;Facultad;Máster;9;9;37;100.00;07/11/2021
2020;Doctorado: PD Ingeniería de sistemas e informática [RD 99/2011];Zaragoza;Escuela de Doctorado;Facultad;Doctorado;30;23;33;76.67;07/11/2021
2020;Doctorado: PD Ingeniería electrónica [RD 99/2011];Zaragoza;Escuela de Doctorado;Facultad;Doctorado;10;9;9;90.00;07/11/2021
2020;Doctorado: PD Ingeniería mecánica [RD 99/2011];Zaragoza;Escuela de Doctorado;Facultad;Doctorado;25;8;11;32.00;07/11/2021
2020;Doctorado: PD Ingeniería química y del medio ambiente [RD 99/2011];Zaragoza;Escuela de Doctorado;Facultad;Doctorado;60;21;28;35.00;07/11/2021
2020;Doctorado: PD Mecánica de fluidos [RD 99/2011];Zaragoza;Escuela de Doctorado;Facultad;Doctorado;3;2;2;66.67;07/11/2021
2020;Doctorado: PD Nuevos territorios en la arquitectura [RD 99/2011];Zaragoza;Escuela de Doctorado;Facultad;Doctorado;10;9;10;90.00;07/11/2021
2020;Doctorado: PD Tecnologías de la información y comunicaciones en redes moviles [RD 99/2011];Zaragoza;Escuela de Doctorado;Facultad;Doctorado;10;0;2;0.00;07/11/2021
2020;Doctorado: PD Información y Comunicación [RD 99/2011];Zaragoza;Escuela de Doctorado;Facultad;Doctorado;6;8;15;133.33;07/11/2021
2020;Doctorado: PD Patrimonio, Sociedades y Espacios de Frontera [RD 99/2011];Zaragoza;Escuela de Doctorado;Facultad;Doctorado;8;7;11;87.50;07/11/2021
2020;Doctorado: PD Logística y gestión de la cadena de suministro [RD 99/2011];Zaragoza;Escuela de Doctorado;Facultad;Doctorado;8;0;2;0.00;07/11/2021
2020;Máster: Programa conjunto en Máster Universitario en Ingeniería Industrial-Máster Universitario en Ingeniería Electrónica;Zaragoza;Escuela de Ingeniería y Arquitectura;Facultad;Máster;6;3;16;50.00;07/11/2021
2020;Doctorado: PD Psicología [RD 99/2011];Zaragoza;Escuela de Doctorado;Facultad;Doctorado;15;15;31;100.00;07/11/2021
2020;Doctorado: PD Sistemas eficientes de producción y calidad agroalimentaria [RD 99/2011];Zaragoza;Escuela de Doctorado;Facultad;Doctorado;3;0;0;0.00;07/11/2021
2020;Máster: Cond. genéticos, nutric. y amb. del crec. y desarrollo;Zaragoza;Facultad de Medicina;Facultad;Máster;25;28;60;112.00;07/11/2021
2020;Máster: Robótica, Gráficos y Visión por Computador/Robotics, Graphics and Computer Vision;Zaragoza;Escuela de Ingeniería y Arquitectura;Facultad;Máster;30;26;51;86.67;07/11/2021
2020;Máster: Innovación y Emprendimiento en Tecnologías para la Salud y el Bienestar;Teruel;Escuela Universitaria Politécnica de Teruel;Escuela Universitaria;Máster;20;9;24;45.00;07/11/2021
2020;Máster: Salud Global: Integración de la Salud Ambiental, Humana y Animal;Zaragoza;Facultad de Veterinaria;Facultad;Máster;30;25;41;83.33;07/11/2021
