CURSO_ACADEMICO;ESTUDIO;LOCALIDAD;CENTRO;TIPO_CENTRO;TIPO_ESTUDIO;PLAZAS_OFERTADAS;PLAZAS_MATRICULADAS;PLAZAS_SOLICITADAS;INDICE_OCUPACION;FECHA_ACTUALIZACION
2019;Grado: Ciencias Ambientales;Huesca;Escuela Politécnica Superior;Facultad;Grado;54;36;204;66.67;15/11/2020
2019;Grado: Enfermería;Zaragoza;Facultad de Ciencias de la Salud;Facultad;Grado;160;159;1915;99.38;15/11/2020
2019;Grado: Enfermería;Huesca;Escuela Universitaria de Enfermería San Jorge de Huesca;Centro adscrito;Grado;54;54;1412;100.00;15/11/2020
2019;Grado: Enfermería;Teruel;Escuela Universitaria de Enfermería de Teruel;Centro adscrito;Grado;33;33;1140;100.00;15/11/2020
2019;Grado: Bellas Artes;Teruel;Facultad de Ciencias Sociales y Humanas de Teruel;Facultad;Grado;55;32;163;58.18;15/11/2020
2019;Grado: Psicología;Teruel;Facultad de Ciencias Sociales y Humanas de Teruel;Facultad;Grado;85;84;778;98.82;15/11/2020
2019;Grado: Filosofía;Zaragoza;Facultad de Filosofía y Letras;Facultad;Grado;60;56;352;93.33;15/11/2020
2019;Grado: Periodismo;Zaragoza;Facultad de Filosofía y Letras;Facultad;Grado;60;60;590;100.00;15/11/2020
2019;Grado: Información y Documentación;Zaragoza;Facultad de Filosofía y Letras;Facultad;Grado;36;13;108;36.11;15/11/2020
2019;Grado: Fisioterapia;Zaragoza;Facultad de Ciencias de la Salud;Facultad;Grado;60;59;1159;98.33;15/11/2020
2019;Grado: Terapia Ocupacional;Zaragoza;Facultad de Ciencias de la Salud;Facultad;Grado;80;77;582;96.25;15/11/2020
2019;Grado: Trabajo Social;Zaragoza;Facultad de Ciencias Sociales y del Trabajo;Facultad;Grado;180;180;927;100.00;15/11/2020
2019;Grado: Ingeniero en Diseño Industrial y Desarrollo de Producto;Zaragoza;Escuela de Ingeniería y Arquitectura;Facultad;Grado;75;76;465;101.33;15/11/2020
2019;Grado: Ciencia y Tecnología de los Alimentos;Zaragoza;Facultad de Veterinaria;Facultad;Grado;60;60;507;100.00;15/11/2020
2019;Grado: Ciencias de la Actividad Física y del Deporte;Huesca;Facultad de Ciencias de la Salud y del Deporte;Facultad;Grado;62;62;655;100.00;15/11/2020
2019;Grado: Geología;Zaragoza;Facultad de Ciencias;Facultad;Grado;50;34;148;68.00;15/11/2020
2019;Grado: Óptica y Optometría;Zaragoza;Facultad de Ciencias;Facultad;Grado;60;53;486;88.33;15/11/2020
2019;Grado: Magisterio en Educación Primaria;Zaragoza;Facultad de Educación;Facultad;Grado;240;239;1330;99.58;15/11/2020
2019;Grado: Magisterio en Educación Primaria;Huesca;Facultad de Ciencias Humanas y de la Educación;Facultad;Grado;120;119;666;99.17;15/11/2020
2019;Grado: Magisterio en Educación Primaria;Teruel;Facultad de Ciencias Sociales y Humanas de Teruel;Facultad;Grado;120;95;588;79.17;15/11/2020
2019;Grado: Magisterio en Educación Infantil;Zaragoza;Facultad de Educación;Facultad;Grado;120;120;1030;100.00;15/11/2020
2019;Grado: Magisterio en Educación Infantil;Huesca;Facultad de Ciencias Humanas y de la Educación;Facultad;Grado;120;119;557;99.17;15/11/2020
2019;Grado: Magisterio en Educación Infantil;Teruel;Facultad de Ciencias Sociales y Humanas de Teruel;Facultad;Grado;120;99;526;82.50;15/11/2020
2019;Grado: Medicina;Zaragoza;Facultad de Medicina;Facultad;Grado;180;182;2779;101.11;15/11/2020
2019;Grado: Medicina;Huesca;Facultad de Ciencias de la Salud y del Deporte;Facultad;Grado;45;45;2458;100.00;15/11/2020
2019;Grado: Estudios Clásicos;Zaragoza;Facultad de Filosofía y Letras;Facultad;Grado;30;24;136;80.00;15/11/2020
2019;Grado: Estudios Ingleses;Zaragoza;Facultad de Filosofía y Letras;Facultad;Grado;100;97;441;97.00;15/11/2020
2019;Grado: Filología Hispánica;Zaragoza;Facultad de Filosofía y Letras;Facultad;Grado;70;62;264;88.57;15/11/2020
2019;Grado: Historia;Zaragoza;Facultad de Filosofía y Letras;Facultad;Grado;165;126;534;76.36;15/11/2020
2019;Grado: Historia del Arte;Zaragoza;Facultad de Filosofía y Letras;Facultad;Grado;120;93;329;77.50;15/11/2020
2019;Grado: Física;Zaragoza;Facultad de Ciencias;Facultad;Grado;82;82;514;100.00;15/11/2020
2019;Grado: Biotecnología;Zaragoza;Facultad de Ciencias;Facultad;Grado;66;66;692;100.00;15/11/2020
2019;Grado: Matemáticas;Zaragoza;Facultad de Ciencias;Facultad;Grado;66;65;602;98.48;15/11/2020
2019;Grado: Química;Zaragoza;Facultad de Ciencias;Facultad;Grado;150;147;740;98.00;15/11/2020
2019;Grado: Nutrición Humana y Dietética;Huesca;Facultad de Ciencias de la Salud y del Deporte;Facultad;Grado;56;57;735;101.79;15/11/2020
2019;Grado: Odontología;Huesca;Facultad de Ciencias de la Salud y del Deporte;Facultad;Grado;36;37;801;102.78;15/11/2020
2019;Grado: Veterinaria;Zaragoza;Facultad de Veterinaria;Facultad;Grado;146;145;1133;99.32;15/11/2020
2019;Grado: Administración y Dirección de Empresas;Zaragoza;Facultad de Economía y Empresa;Facultad;Grado;400;395;1537;98.75;15/11/2020
2019;Grado: Administración y Dirección de Empresas;Huesca;Facultad de Empresa y Gestión Pública;Facultad;Grado;65;46;276;70.77;15/11/2020
2019;Grado: Administración y Dirección de Empresas;Teruel;Facultad de Ciencias Sociales y Humanas de Teruel;Facultad;Grado;45;31;176;68.89;15/11/2020
2019;Grado: Derecho;Zaragoza;Facultad de Derecho;Facultad;Grado;308;305;1026;99.03;15/11/2020
2019;Grado: Economía;Zaragoza;Facultad de Economía y Empresa;Facultad;Grado;200;194;1076;97.00;15/11/2020
2019;Grado: Finanzas y Contabilidad;Zaragoza;Facultad de Economía y Empresa;Facultad;Grado;150;141;786;94.00;15/11/2020
2019;Grado: Geografía y Ordenación del Territorio;Zaragoza;Facultad de Filosofía y Letras;Facultad;Grado;50;30;163;60.00;15/11/2020
2019;Grado: Gestión y Administración Pública;Huesca;Facultad de Empresa y Gestión Pública;Facultad;Grado;40;30;137;75.00;15/11/2020
2019;Grado: Marketing e Investigación de Mercados;Zaragoza;Facultad de Economía y Empresa;Facultad;Grado;150;145;1184;96.67;15/11/2020
2019;Grado: Relaciones Laborales y Recursos Humanos;Zaragoza;Facultad de Ciencias Sociales y del Trabajo;Facultad;Grado;180;179;904;99.44;15/11/2020
2019;Grado: Turismo;Zaragoza;Escuela Universitaria de Turismo de Zaragoza;Centro adscrito;Grado;80;56;528;70.00;15/11/2020
2019;Grado: Ingeniería Agroalimentaria y del Medio Rural;Huesca;Escuela Politécnica Superior;Facultad;Grado;45;32;162;71.11;15/11/2020
2019;Grado: Ingeniería Civil;Almunia de Doña Godina (La);Escuela Universitaria Politécnica de la Almunia de Doña Godina;Centro adscrito;Grado;54;5;102;9.26;15/11/2020
2019;Grado: Arquitectura Técnica;Almunia de Doña Godina (La);Escuela Universitaria Politécnica de la Almunia de Doña Godina;Centro adscrito;Grado;54;20;116;37.04;15/11/2020
2019;Grado: Ingeniería de Organización Industrial;Almunia de Doña Godina (La);Escuela Universitaria Politécnica de la Almunia de Doña Godina;Centro adscrito;Grado;56;47;162;83.93;15/11/2020
2019;Grado: Ingeniería de Organización Industrial;Zaragoza;Centro Universitario de la Defensa de Zaragoza;Centro adscrito;Grado;301;294;0;97.67;15/11/2020
2019;Grado: Ingeniería de Tecnologías Industriales;Zaragoza;Escuela de Ingeniería y Arquitectura;Facultad;Grado;180;170;672;94.44;15/11/2020
2019;Grado: Ingeniería de Tecnologías y Servicios de Telecomunicación;Zaragoza;Escuela de Ingeniería y Arquitectura;Facultad;Grado;90;76;471;84.44;15/11/2020
2019;Grado: Ingeniería Electrica;Zaragoza;Escuela de Ingeniería y Arquitectura;Facultad;Grado;90;54;398;60.00;15/11/2020
2019;Grado: Ingeniería Electrónica y Automática;Zaragoza;Escuela de Ingeniería y Arquitectura;Facultad;Grado;120;110;555;91.67;15/11/2020
2019;Grado: Ingeniería Electrónica y Automática;Teruel;Escuela Universitaria Politécnica de Teruel;Escuela Universitaria;Grado;30;14;79;46.67;15/11/2020
2019;Grado: Ingeniería Informática;Zaragoza;Escuela de Ingeniería y Arquitectura;Facultad;Grado;99;99;591;100.00;15/11/2020
2019;Grado: Ingeniería Informática;Teruel;Escuela Universitaria Politécnica de Teruel;Escuela Universitaria;Grado;33;29;218;87.88;15/11/2020
2019;Grado: Ingeniería Mecánica;Zaragoza;Escuela de Ingeniería y Arquitectura;Facultad;Grado;228;175;685;76.75;15/11/2020
2019;Grado: Ingeniería Mecatrónica;Almunia de Doña Godina (La);Escuela Universitaria Politécnica de la Almunia de Doña Godina;Centro adscrito;Grado;56;42;193;75.00;15/11/2020
2019;Grado: Ingeniería Química;Zaragoza;Escuela de Ingeniería y Arquitectura;Facultad;Grado;90;79;466;87.78;15/11/2020
2019;Grado: Lenguas Modernas;Zaragoza;Facultad de Filosofía y Letras;Facultad;Grado;55;53;298;96.36;15/11/2020
2019;Grado: Programa conjunto ADE/Derecho;Zaragoza;Facultad de Derecho;Facultad;Grado;80;80;379;100.00;15/11/2020
2019;Grado: Estudios en Arquitectura;Zaragoza;Escuela de Ingeniería y Arquitectura;Facultad;Grado;70;70;314;100.00;15/11/2020
2019;Grado: Programa conjunto Física-Matemáticas (FisMat);Zaragoza;Facultad de Ciencias;Facultad;Grado;10;10;196;100.00;15/11/2020
2019;Grado: Programa conjunto en Nutrición Humana y Dietética-Ciencias de la Actividad Física y del Deporte;Huesca;Facultad de Ciencias de la Salud y del Deporte;Facultad;Grado;10;10;297;100.00;15/11/2020
2019;Grado: Programa conjunto en Matemáticas-Ingeniería Informática;Zaragoza;Escuela de Ingeniería y Arquitectura;Facultad;Grado;10;10;180;100.00;15/11/2020
2019;Grado: Programa conjunto en Ingeniería Mecatrónica-Ingeniería de Organización  Industrial;Almunia de Doña Godina (La);Escuela Universitaria Politécnica de la Almunia de Doña Godina;Centro adscrito;Grado;10;9;39;90.00;15/11/2020
2019;Máster: Biología Molecular y Celular;Zaragoza;Facultad de Ciencias;Facultad;Máster;30;23;54;76.67;15/11/2020
2019;Máster: Física y Tecnologías Físicas;Zaragoza;Facultad de Ciencias;Facultad;Máster;30;9;26;30.00;15/11/2020
2019;Máster: Gestión del Patrimonio Cultural;Zaragoza;Facultad de Filosofía y Letras;Facultad;Máster;35;33;105;94.29;15/11/2020
2019;Máster: Tec.Información Geográfica para Ordenación Territorio: Sig/Teled;Zaragoza;Facultad de Filosofía y Letras;Facultad;Máster;25;25;69;100.00;15/11/2020
2019;Máster: Gerontología Social;Zaragoza;Facultad de Ciencias de la Salud;Facultad;Máster;36;35;100;97.22;15/11/2020
2019;Máster: Relaciones de Género;Zaragoza;Facultad de Ciencias Sociales y del Trabajo;Facultad;Máster;30;30;82;100.00;15/11/2020
2019;Máster: Contabilidad y finanzas;Zaragoza;Facultad de Economía y Empresa;Facultad;Máster;27;19;66;70.37;15/11/2020
2019;Máster: Economía;Zaragoza;Facultad de Economía y Empresa;Facultad;Máster;30;14;61;46.67;15/11/2020
2019;Máster: Iniciación a la investigación en Medicina;Zaragoza;Facultad de Medicina;Facultad;Máster;60;60;118;100.00;15/11/2020
2019;Máster: Nutrición animal;Zaragoza;Facultad de Veterinaria;Facultad;Máster;23;23;24;100.00;15/11/2020
2019;Máster: Ingeniería biomédica;Zaragoza;Escuela de Ingeniería y Arquitectura;Facultad;Máster;30;28;88;93.33;15/11/2020
2019;Máster: Dirección y planificación del turismo;Huesca;Facultad de Empresa y Gestión Pública;Facultad;Máster;30;23;91;76.67;15/11/2020
2019;Máster: Materiales nanoestructurados para aplicaciones nanotecnológicas;Zaragoza;Facultad de Ciencias;Facultad;Máster;25;14;33;56.00;15/11/2020
2019;Máster: Sociología de las Políticas Públicas y Sociales;Zaragoza;Facultad de Economía y Empresa;Facultad;Máster;25;10;42;40.00;15/11/2020
2019;Máster: Aprendizaje a lo largo de la vida: Iniciación a la investigación;Zaragoza;Facultad de Educación;Facultad;Máster;40;35;82;87.50;15/11/2020
2019;Máster: Investigación y Estudios Avanzados en Historia;Zaragoza;Facultad de Filosofía y Letras;Facultad;Máster;40;12;29;30.00;15/11/2020
2019;Máster: Estudios Avanzados en Historia del Arte;Zaragoza;Facultad de Filosofía y Letras;Facultad;Máster;35;15;47;42.86;15/11/2020
2019;Máster: Energías Renovables y Eficiencia Energética;Zaragoza;Escuela de Ingeniería y Arquitectura;Facultad;Máster;75;27;72;36.00;15/11/2020
2019;Máster: Historia Contemporánea;Zaragoza;Facultad de Filosofía y Letras;Facultad;Máster;40;22;46;55.00;15/11/2020
2019;Máster: Ordenación Territorial y Medioambiental;Zaragoza;Facultad de Filosofía y Letras;Facultad;Máster;25;16;48;64.00;15/11/2020
2019;Máster: Ingeniería Electrónica;Zaragoza;Escuela de Ingeniería y Arquitectura;Facultad;Máster;30;25;41;83.33;15/11/2020
2019;Máster: Profesorado E.S.O., F.P. y Ens. Idiom, Art y Deport;Zaragoza;Facultad de Educación;Facultad;Máster;502;500;1047;99.60;15/11/2020
2019;Máster: Profesorado E.S.O., F.P. y Ens. Idiom, Art y Deport;Huesca;Facultad de Ciencias Humanas y de la Educación;Facultad;Máster;33;30;54;90.91;15/11/2020
2019;Máster: Profesorado E.S.O., F.P. y Ens. Idiom, Art y Deport;Teruel;Facultad de Ciencias Sociales y Humanas de Teruel;Facultad;Máster;33;16;36;48.48;15/11/2020
2019;Máster: Cond. genéticos, nutric. y amb. del crec. y desarrollo;Zaragoza;Facultad de Medicina;Facultad;Máster;25;0;77;0.00;15/11/2020
2019;Máster: Prevención de riesgos laborales;Zaragoza;Facultad de Derecho;Facultad;Máster;30;27;88;90.00;15/11/2020
2019;Máster: Arquitectura;Zaragoza;Escuela de Ingeniería y Arquitectura;Facultad;Máster;80;30;41;37.50;15/11/2020
2019;Máster: Modelización e Investigación Matemática, Estadística y Computación;Zaragoza;Facultad de Ciencias;Facultad;Máster;17;10;23;58.82;15/11/2020
2019;Máster: Abogacía;Zaragoza;Facultad de Derecho;Facultad;Máster;100;75;144;75.00;15/11/2020
2019;Máster: Estudios Avanzados sobre el Lenguaje, la Comunicación y sus Patologías;Huesca;Facultad de Ciencias Humanas y de la Educación;Facultad;Máster;20;19;94;95.00;15/11/2020
2019;Máster: Ingeniería Química;Zaragoza;Escuela de Ingeniería y Arquitectura;Facultad;Máster;40;25;39;62.50;15/11/2020
2019;Máster: Ingeniería Industrial;Zaragoza;Escuela de Ingeniería y Arquitectura;Facultad;Máster;240;86;143;35.83;15/11/2020
2019;Máster: Ingeniería de Telecomunicación;Zaragoza;Escuela de Ingeniería y Arquitectura;Facultad;Máster;60;13;19;21.67;15/11/2020
2019;Máster: Ingeniería Informática;Zaragoza;Escuela de Ingeniería y Arquitectura;Facultad;Máster;60;16;33;26.67;15/11/2020
2019;Máster: Ingeniería Mecánica;Zaragoza;Escuela de Ingeniería y Arquitectura;Facultad;Máster;30;12;25;40.00;15/11/2020
2019;Máster: Química Industrial;Zaragoza;Facultad de Ciencias;Facultad;Máster;50;15;31;30.00;15/11/2020
2019;Máster: Geología: Técnicas y Aplicaciones;Zaragoza;Facultad de Ciencias;Facultad;Máster;30;8;14;26.67;15/11/2020
2019;Máster: Química Molecular y Catálisis Homogénea;Zaragoza;Facultad de Ciencias;Facultad;Máster;25;11;35;44.00;15/11/2020
2019;Máster: Auditoría;Zaragoza;Facultad de Economía y Empresa;Facultad;Máster;32;27;80;84.38;15/11/2020
2019;Máster: Ingeniería Agronómica;Huesca;Escuela Politécnica Superior;Facultad;Máster;40;10;18;25.00;15/11/2020
2019;Máster: Evaluación y Entrenamiento Físico para la Salud;Huesca;Facultad de Ciencias de la Salud y del Deporte;Facultad;Máster;20;17;41;85.00;15/11/2020
2019;Máster: Mundo Antiguo y Patrimonio Arqueológico;Zaragoza;Facultad de Filosofía y Letras;Facultad;Máster;30;8;22;26.67;15/11/2020
2019;Máster: Iniciación a la Investigación en Ciencias de la Enfermería;Zaragoza;Facultad de Ciencias de la Salud;Facultad;Máster;30;19;49;63.33;15/11/2020
2019;Máster: Dirección, Estrategia y Marketing;Zaragoza;Facultad de Economía y Empresa;Facultad;Máster;30;17;111;56.67;15/11/2020
2019;Máster: Psicología General Sanitaria;Teruel;Facultad de Ciencias Sociales y Humanas de Teruel;Facultad;Máster;30;30;221;100.00;15/11/2020
2019;Máster: Ingeniería de Diseño de Producto;Zaragoza;Escuela de Ingeniería y Arquitectura;Facultad;Máster;30;17;35;56.67;15/11/2020
2019;Máster: Consultoría de Información y Comunicación Digital;Zaragoza;Facultad de Filosofía y Letras;Facultad;Máster;25;18;36;72.00;15/11/2020
2019;Máster: Calidad, Seguridad y Tecnología de los Alimentos;Zaragoza;Facultad de Veterinaria;Facultad;Máster;30;30;80;100.00;15/11/2020
2019;Máster: Biotecnología Cuantitativa;Zaragoza;Facultad de Ciencias;Facultad;Máster;20;4;17;20.00;15/11/2020
2019;Máster: Gestión Administrativa;Zaragoza;Facultad de Derecho;Facultad;Máster;30;9;42;30.00;15/11/2020
2019;Máster: Investigación en Filosofía;Zaragoza;Facultad de Filosofía y Letras;Facultad;Máster;12;8;23;66.67;15/11/2020
2019;Doctorado: PD Ciencias de la antigüedad [RD 99/2011];Zaragoza;Escuela de Doctorado;Facultad;Doctorado;30;4;4;13.33;15/11/2020
2019;Doctorado: PD Estudios ingleses [RD 99/2011];Zaragoza;Escuela de Doctorado;Facultad;Doctorado;12;12;12;100.00;15/11/2020
2019;Doctorado: PD Literaturas hispánicas [RD 99/2011];Zaragoza;Escuela de Doctorado;Facultad;Doctorado;20;3;4;15.00;15/11/2020
2019;Doctorado: PD Filosofía [RD 99/2011];Zaragoza;Escuela de Doctorado;Facultad;Doctorado;8;4;7;50.00;15/11/2020
2019;Doctorado: PD Historia contemporánea [RD 99/2011];Zaragoza;Escuela de Doctorado;Facultad;Doctorado;15;4;7;26.67;15/11/2020
2019;Máster: Dirección y Gestión de Adquisiciones de Sistemas para la Defensa;Zaragoza;Centro Universitario de la Defensa de Zaragoza;Centro adscrito;Máster;25;21;30;84.00;15/11/2020
2019;Doctorado: PD Historia del arte [RD 99/2011];Zaragoza;Escuela de Doctorado;Facultad;Doctorado;20;7;10;35.00;15/11/2020
2019;Doctorado: PD Historia, sociedad y cultura: épocas medieval y moderna [RD 99/2011];Zaragoza;Escuela de Doctorado;Facultad;Doctorado;8;8;10;100.00;15/11/2020
2019;Doctorado: PD Lingüística hispánica [RD 99/2011];Zaragoza;Escuela de Doctorado;Facultad;Doctorado;25;3;5;12.00;15/11/2020
2019;Doctorado: PD Bioquímica y biología molecular [RD 99/2011];Zaragoza;Escuela de Doctorado;Facultad;Doctorado;30;21;26;70.00;15/11/2020
2019;Doctorado: PD Calidad, seguridad y tecnología de los alimentos [RD 99/2011];Zaragoza;Escuela de Doctorado;Facultad;Doctorado;20;8;10;40.00;15/11/2020
2019;Doctorado: PD Ciencia analítica en química [RD 99/2011];Zaragoza;Escuela de Doctorado;Facultad;Doctorado;20;5;9;25.00;15/11/2020
2019;Doctorado: PD Física [RD 99/2011];Zaragoza;Escuela de Doctorado;Facultad;Doctorado;50;16;24;32.00;15/11/2020
2019;Doctorado: PD Geología [RD 99/2011];Zaragoza;Escuela de Doctorado;Facultad;Doctorado;11;6;13;54.55;15/11/2020
2019;Doctorado: PD Matemáticas y estadística [RD 99/2011];Zaragoza;Escuela de Doctorado;Facultad;Doctorado;5;3;3;60.00;15/11/2020
2019;Doctorado: PD Producción animal [RD 99/2011];Zaragoza;Escuela de Doctorado;Facultad;Doctorado;6;2;5;33.33;15/11/2020
2019;Máster: Derecho de la Administración Pública;Zaragoza;Facultad de Derecho;Facultad;Máster;20;20;48;100.00;15/11/2020
2019;Doctorado: PD Química física [RD 99/2011];Zaragoza;Escuela de Doctorado;Facultad;Doctorado;10;2;2;20.00;15/11/2020
2019;Doctorado: PD Química inorgánica [RD 99/2011];Zaragoza;Escuela de Doctorado;Facultad;Doctorado;18;7;8;38.89;15/11/2020
2019;Doctorado: PD Química orgánica [RD 99/2011];Zaragoza;Escuela de Doctorado;Facultad;Doctorado;12;6;13;50.00;15/11/2020
2019;Doctorado: PD Ciencias biomédicas y biotecnológicas [RD 99/2011];Zaragoza;Escuela de Doctorado;Facultad;Doctorado;20;11;15;55.00;15/11/2020
2019;Doctorado: PD Ciencias de la salud y del deporte [RD 99/2011];Zaragoza;Escuela de Doctorado;Facultad;Doctorado;30;25;35;83.33;15/11/2020
2019;Doctorado: PD Medicina [RD 99/2011];Zaragoza;Escuela de Doctorado;Facultad;Doctorado;75;75;85;100.00;15/11/2020
2019;Doctorado: PD Medicina y sanidad animal [RD 99/2011];Zaragoza;Escuela de Doctorado;Facultad;Doctorado;15;14;18;93.33;15/11/2020
2019;Doctorado: PD Contabilidad y finanzas [RD 99/2011];Zaragoza;Escuela de Doctorado;Facultad;Doctorado;20;5;11;25.00;15/11/2020
2019;Doctorado: PD Derecho [RD 99/2011];Zaragoza;Escuela de Doctorado;Facultad;Doctorado;20;29;41;145.00;15/11/2020
2019;Doctorado: PD Derechos humanos y libertades fundamentales [RD 99/2011];Zaragoza;Escuela de Doctorado;Facultad;Doctorado;10;12;15;120.00;15/11/2020
2019;Máster: Programa conjunto en Máster Universitario en Ingeniería Industrial-Máster Universitario en Ingeniería Mecánica;Zaragoza;Escuela de Ingeniería y Arquitectura;Facultad;Máster;6;5;11;83.33;15/11/2020
2019;Doctorado: PD Economía [RD 99/2011];Zaragoza;Escuela de Doctorado;Facultad;Doctorado;15;8;10;53.33;15/11/2020
2019;Doctorado: PD Economía y gestión de las organizaciones [RD 99/2011];Zaragoza;Escuela de Doctorado;Facultad;Doctorado;20;13;24;65.00;15/11/2020
2019;Doctorado: PD Educación [RD 99/2011];Zaragoza;Escuela de Doctorado;Facultad;Doctorado;25;25;47;100.00;15/11/2020
2019;Doctorado: PD Ordenación del territorio y medio ambiente [RD 99/2011];Zaragoza;Escuela de Doctorado;Facultad;Doctorado;25;3;11;12.00;15/11/2020
2019;Doctorado: PD Relaciones de género y estudios feministas [RD 99/2011];Zaragoza;Escuela de Doctorado;Facultad;Doctorado;30;2;6;6.67;15/11/2020
2019;Doctorado: PD Sociología de las políticas públicas y sociales [RD 99/2011];Zaragoza;Escuela de Doctorado;Facultad;Doctorado;20;8;13;40.00;15/11/2020
2019;Doctorado: PD Ciencias agrarias y del medio natural [RD 99/2011];Zaragoza;Escuela de Doctorado;Facultad;Doctorado;30;8;12;26.67;15/11/2020
2019;Doctorado: PD Energías renovables y eficiencia energética [RD 99/2011];Zaragoza;Escuela de Doctorado;Facultad;Doctorado;20;5;11;25.00;15/11/2020
2019;Doctorado: PD Ingeniería biomédica [RD 99/2011];Zaragoza;Escuela de Doctorado;Facultad;Doctorado;10;15;16;150.00;15/11/2020
2019;Doctorado: PD Ingeniería de diseño y fabricación [RD 99/2011];Zaragoza;Escuela de Doctorado;Facultad;Doctorado;25;13;17;52.00;15/11/2020
2019;Máster: Programa conjunto en Máster Universitario en Ingeniería Industrial-Máster Universitario en Energías Renovables y Eficiencia Energética;Zaragoza;Escuela de Ingeniería y Arquitectura;Facultad;Máster;9;9;21;100.00;15/11/2020
2019;Doctorado: PD Ingeniería de sistemas e informática [RD 99/2011];Zaragoza;Escuela de Doctorado;Facultad;Doctorado;30;20;30;66.67;15/11/2020
2019;Doctorado: PD Ingeniería electrónica [RD 99/2011];Zaragoza;Escuela de Doctorado;Facultad;Doctorado;10;6;7;60.00;15/11/2020
2019;Doctorado: PD Ingeniería mecánica [RD 99/2011];Zaragoza;Escuela de Doctorado;Facultad;Doctorado;25;20;22;80.00;15/11/2020
2019;Doctorado: PD Ingeniería química y del medio ambiente [RD 99/2011];Zaragoza;Escuela de Doctorado;Facultad;Doctorado;60;20;26;33.33;15/11/2020
2019;Doctorado: PD Mecánica de fluidos [RD 99/2011];Zaragoza;Escuela de Doctorado;Facultad;Doctorado;3;4;4;133.33;15/11/2020
2019;Doctorado: PD Nuevos territorios en la arquitectura [RD 99/2011];Zaragoza;Escuela de Doctorado;Facultad;Doctorado;10;3;5;30.00;15/11/2020
2019;Doctorado: PD Tecnologías de la información y comunicaciones en redes moviles [RD 99/2011];Zaragoza;Escuela de Doctorado;Facultad;Doctorado;10;6;7;60.00;15/11/2020
2019;Doctorado: PD Información y Comunicación [RD 99/2011];Zaragoza;Escuela de Doctorado;Facultad;Doctorado;6;6;8;100.00;15/11/2020
2019;Doctorado: PD Patrimonio, Sociedades y Espacios de Frontera [RD 99/2011];Zaragoza;Escuela de Doctorado;Facultad;Doctorado;8;6;7;75.00;15/11/2020
2019;Doctorado: PD Logística y gestión de la cadena de suministro [RD 99/2011];Zaragoza;Escuela de Doctorado;Facultad;Doctorado;8;3;3;37.50;15/11/2020
2019;Máster: Programa conjunto en Máster Universitario en Ingeniería Industrial-Máster Universitario en Ingeniería Electrónica;Zaragoza;Escuela de Ingeniería y Arquitectura;Facultad;Máster;6;6;11;100.00;15/11/2020
